text,gold_label
"I’m so proud of the high voter turnout in Benin City today!",Positive
"The election officials handled the polling process very efficiently.",Positive
"I’m worried about reports of ballot box snatching in Oredo.",Negative
"Obaseki’s performance in the last term deserves another chance.",Positive
"I don’t trust the INEC staff at some rural polling units.",Negative
"It’s great to see so many youths participating in Edo 2024.",Positive
"The opposition candidate made some valid points at the debate.",Neutral
"Nothing seems to have changed since the last election, sadly.",Negative
"Security was tight and well-coordinated around polling stations.",Positive
"I heard there were power outages that disrupted voting today.",Negative
"The new PVC collection drive was successful this year.",Positive
"Voters are frustrated by long queues in Uhunmwonde.",Negative
"The result announcement is taking too long, raising suspicion.",Negative
"I believe free and fair elections are possible in Edo State.",Positive
"Campaign rallies have been peaceful so far, thumbs up.",Positive
"Ize-Iyamu’s manifesto lacks concrete plans for education.",Negative
"This election will determine the future of Edo’s infrastructure.",Neutral
"I’m impressed by the women representation among the candidates.",Positive
"Vote-buying allegations are tarnishing the credibility of the process.",Negative
"The INEC website should update real-time results faster.",Neutral
"I trust Obaseki to continue improving healthcare facilities.",Positive
"The weather didn’t stop people from coming out to vote.",Positive
"Some polling units opened late, causing delays.",Negative
"I’m neutral until all votes are properly counted and verified.",Neutral
"Social media is full of misinformation about Edo election results.",Negative
"This governorship election feels more competitive than before.",Neutral
"I wish there was better accessibility for persons with disabilities.",Negative
"The youth voters are the real game-changers in Edo 2024.",Positive
"I’m concerned about the integrity of the collation process.",Negative
"Local observers reported irregularities in Esan North-East.",Negative
"I appreciate the presence of domestic and international observers.",Positive
"Election day logistics were handled poorly in some areas.",Negative
"I like how INEC deployed technology for result transmission.",Positive
"The outcome will reflect the will of the Edo people, I hope.",Positive
"There’s too much political tension in Ovia North-East.",Negative
"I’m excited to see peaceful transition of power in Edo.",Positive
"The campaign adverts were overly negative this season.",Negative
"Candidates should debate more on economic revival plans.",Neutral
"I trust the judiciary to handle any election disputes fairly.",Positive
"We need post-election reconciliation to heal divisions.",Positive
"I’m thankful for the civil society groups monitoring polling units.",Positive
"The candidate town hall in Auchi was very informative.",Positive
"Some areas lacked adequate voting materials this morning.",Negative
"I remain optimistic about democracy strengthening in Edo.",Positive
"The final results will be crucial for investor confidence.",Neutral
"I’ve seen no evidence of rigging in my polling unit.",Positive
"The press coverage has been balanced and fair.",Positive
"I feel anxious waiting for the collation to finish.",Negative
"This election could set a precedent for other states.",Neutral
"I’m disappointed by the low media attention on rural areas.",Negative
"The transport arrangements for voters were impressive.",Positive
"Vote counting should be transparent and inclusive.",Neutral
"I applaud the youth volunteers assisting at polling units.",Positive
"The opposition camp is already threatening legal action.",Negative
"I’m proud of Edo’s commitment to democratic values.",Positive
"Some candidate posters were defaced overnight.",Negative
"I hope the ecological impact of campaigns is minimized.",Neutral
"It’s encouraging to see tech-savvy election monitoring tools.",Positive
"I wonder how Edo election results will affect national politics.",Neutral
"People are discussing election outcomes in every market square.",Neutral
"Let’s celebrate a free, fair, and credible Edo election!",Positive